<application>
  <component name="LocalDatabaseDriverManager" version="163">
    <driver id="db2">
      <artifact name="DB2" use="true" />
      <option name="auto-sync" value="false" />
    </driver>
    <driver id="db2.jtopen">
      <artifact name="JTOpen (DB2 iSeries)" use="true" />
      <option name="auto-sync" value="false" />
    </driver>
    <driver id="derby.embedded">
      <artifact name="Apache Derby" use="true" />
      <option name="auto-sync" value="true" />
    </driver>
    <driver id="derby.remote">
      <artifact name="Apache Derby" use="true" />
      <option name="auto-sync" value="true" />
    </driver>
    <driver id="azure.ms">
      <artifact name="SQL Server" use="true" />
      <option name="auto-sync" value="true" />
      <option name="send-app-info" value="false" />
    </driver>
    <driver id="sqlserver.ms">
      <artifact name="SQL Server" use="true" />
      <option name="auto-sync" value="true" />
      <option name="send-app-info" value="false" />
    </driver>
    <driver id="sqlserver.jtds">
      <artifact name="jTDS (SQL Server and Sybase)" use="true" />
      <option name="auto-sync" value="true" />
    </driver>
    <driver id="sybase.jtds">
      <artifact name="jTDS (SQL Server and Sybase)" use="true" />
      <option name="auto-sync" value="true" />
    </driver>
    <driver id="sybase.ase">
      <option name="auto-sync" value="true" />
    </driver>
    <driver id="mysql">
      <artifact name="MySQL Connector/J" use="true" version="5.1.47" />
      <option name="auto-sync" value="true" />
      <option name="auto-commit" value="true" />
      <option name="send-app-info" value="true" />
      <option name="schema-control" value="AUTOMATIC" />
      <code-style-scheme-name>Default</code-style-scheme-name>
    </driver>
    <driver id="mariadb">
      <artifact name="MariaDB Connector J" use="true" />
      <option name="auto-sync" value="true" />
    </driver>
    <driver id="oracle">
      <artifact name="Oracle" use="true" />
      <option name="auto-sync" value="true" />
      <option name="auto-commit" value="false" />
      <option name="send-app-info" value="true" />
      <option name="schema-control" value="AUTOMATIC" />
      <code-style-scheme-name>Default</code-style-scheme-name>
    </driver>
    <driver id="postgresql">
      <artifact name="PostgreSQL" use="true" />
      <option name="auto-sync" value="true" />
      <option name="schema-control" value="MANUAL" />
    </driver>
    <driver id="redshift">
      <artifact name="Redshift" use="true" />
      <option name="auto-sync" value="true" />
      <option name="schema-control" value="MANUAL" />
    </driver>
    <driver id="hsqldb.local">
      <artifact name="HSQLDB" use="true" />
      <option name="auto-sync" value="true" />
    </driver>
    <driver id="hsqldb.remote">
      <artifact name="HSQLDB" use="true" />
      <option name="auto-sync" value="true" />
    </driver>
    <driver id="h2.unified">
      <artifact name="H2" use="true" />
      <option name="auto-sync" value="true" />
    </driver>
    <driver id="sqlite.xerial">
      <artifact name="Xerial SQLiteJDBC" use="true" />
      <option name="auto-sync" value="true" />
      <option name="auto-commit" value="true" />
      <option name="send-app-info" value="true" />
      <option name="schema-control" value="AUTOMATIC" />
      <code-style-scheme-name>Default</code-style-scheme-name>
    </driver>
    <driver id="exasol">
      <artifact name="Exasol" use="true" />
      <option name="auto-sync" value="true" />
    </driver>
    <driver id="clickhouse">
      <artifact name="ClickHouse" use="true" />
      <option name="auto-sync" value="true" />
    </driver>
    <driver id="cassandra">
      <artifact name="Cassandra" use="true" />
      <option name="auto-sync" value="true" />
    </driver>
    <driver id="java.sql.Driver" name="User Driver" driver-class="java.sql.Driver">
      <option name="auto-commit" value="true" />
      <option name="auto-sync" value="true" />
      <option name="send-app-info" value="true" />
      <option name="schema-control" value="AUTOMATIC" />
      <code-style-scheme-name>Default</code-style-scheme-name>
    </driver>
    <driver id="b6abc14a-8dba-46eb-bbcd-6ba12d9fa2a3" name="User Driver [2]" driver-class="java.sql.Driver">
      <option name="auto-commit" value="true" />
      <option name="auto-sync" value="true" />
      <option name="send-app-info" value="true" />
      <option name="schema-control" value="AUTOMATIC" />
      <code-style-scheme-name>Default</code-style-scheme-name>
    </driver>
    <driver id="1beef6fc-448e-4de6-afcb-2d6e7ce70a89" name="User Driver [3]" driver-class="java.sql.Driver">
      <option name="auto-commit" value="true" />
      <option name="auto-sync" value="true" />
      <option name="send-app-info" value="true" />
      <option name="schema-control" value="AUTOMATIC" />
      <code-style-scheme-name>Default</code-style-scheme-name>
    </driver>
    <driver id="d8ace041-b601-421b-9c15-7e4920849479" name="User Driver [4]" driver-class="java.sql.Driver">
      <option name="auto-commit" value="true" />
      <option name="auto-sync" value="true" />
      <option name="send-app-info" value="true" />
      <option name="schema-control" value="AUTOMATIC" />
      <code-style-scheme-name>Default</code-style-scheme-name>
    </driver>
    <driver id="f47c1572-eef4-433d-82ed-6b03f37f0dc3" name="User Driver [5]" driver-class="java.sql.Driver">
      <option name="auto-commit" value="true" />
      <option name="auto-sync" value="true" />
      <option name="send-app-info" value="true" />
      <option name="schema-control" value="AUTOMATIC" />
      <code-style-scheme-name>Default</code-style-scheme-name>
    </driver>
    <driver id="be1b33c9-1d08-4f03-8bee-3ab60df09513" name="User Driver [6]" driver-class="java.sql.Driver">
      <option name="auto-commit" value="true" />
      <option name="auto-sync" value="true" />
      <option name="send-app-info" value="true" />
      <option name="schema-control" value="AUTOMATIC" />
      <code-style-scheme-name>Default</code-style-scheme-name>
    </driver>
    <driver id="7165df92-5d92-42ac-bff3-eb3597d49c1a" name="User Driver [7]" driver-class="java.sql.Driver">
      <option name="auto-commit" value="true" />
      <option name="auto-sync" value="true" />
      <option name="send-app-info" value="true" />
      <option name="schema-control" value="AUTOMATIC" />
      <code-style-scheme-name>Default</code-style-scheme-name>
    </driver>
    <driver id="5cfc142c-6f3e-4ab9-837d-055e0b51c97e" name="User Driver [8]" driver-class="java.sql.Driver">
      <option name="auto-commit" value="true" />
      <option name="auto-sync" value="true" />
      <option name="send-app-info" value="true" />
      <option name="schema-control" value="AUTOMATIC" />
      <code-style-scheme-name>Default</code-style-scheme-name>
    </driver>
  </component>
</application>